                  epoch,         train/box_loss,         train/cls_loss,         train/dfl_loss,   metrics/precision(B),      metrics/recall(B),       metrics/mAP50(B),    metrics/mAP50-95(B),           val/box_loss,           val/cls_loss,           val/dfl_loss,                 lr/pg0,                 lr/pg1,                 lr/pg2
                      1,                 3.8451,                 3.7382,                 2.6002,                0.00081,                0.01921,                0.00121,                0.00038,                 3.1573,                  4.143,                 2.2537,               0.070273,               0.003303,               0.003303
                      2,                 2.6252,                 2.6249,                 1.8746,                0.36524,                0.11394,                0.07306,                0.02819,                 2.5139,                  4.234,                 2.2431,               0.040207,              0.0065707,              0.0065707
                      3,                 1.9629,                   2.03,                 1.5829,                0.42938,                 0.1615,                0.11985,                0.06615,                   1.85,                 2.2337,                  1.798,               0.010075,              0.0097723,              0.0097723
